title,price,size,category,style,brand,ingest_timestamp
#49 zimmermann lace off shoulder top,66.0,6,skirt,,zimmerman,2024-Dec-29-22:43:24
*nwt agua by agua bendita - orqu√≠dea frutal azul cotton pareo,75.0,,skirt,,aguaByAguaBendita,2024-Dec-29-22:43:14
"agua agua bendita sucre cut-out poplin floral mini dress - orange, s",95.0,S,skirt,,aguaByAguaBendita,2024-Dec-29-22:43:12
agua and aguadilla milato fruit,220.0,XS,skirt,,aguaByAguaBendita,2024-Dec-29-22:43:14
agua bendita astro esmeralda lavanda sarong pareo wrap skirt floral green,110.0,One Size,skirt,,aguaByAguaBendita,2024-Dec-29-22:43:14
agua bendita cuyana set.,250.0,4,skirt,,aguaByAguaBendita,2024-Dec-29-22:43:14
agua bendita herbarium mini dress linen navy mini ruffle xs,235.0,XS,skirt,,aguaByAguaBendita,2024-Dec-29-22:43:12
agua bendita lima algae maxi dress,650.0,Small,skirt,,aguaByAguaBendita,2024-Dec-29-22:43:12
agua bendita lima monarca butterfly embroidered applique maxi dress linen s,440.0,S,skirt,,aguaByAguaBendita,2024-Dec-29-22:43:12
agua bendita mambo primavera linen midi dress,245.0,S,skirt,,aguaByAguaBendita,2024-Dec-29-22:43:12
"agua by agua bendita
alcachofa printed cotton maxi skirt / crop set size m",147.0,M,skirt,,aguaByAguaBendita,2024-Dec-29-22:43:14
"agua by agua bendita
bergamota marina floral-embroidery skirt.",340.0,S,skirt,,aguaByAguaBendita,2024-Dec-29-22:43:14
agua by agua bendita  print cotton crop 2-pc shorts set m/ l,80.0,M,skirt,,aguaByAguaBendita,2024-Dec-29-22:43:14
agua by agua bendita 'bergamota' green printed cotton maxi skirt size s,250.0,S,skirt,,aguaByAguaBendita,2024-Dec-29-22:43:14
"agua by agua bendita , euc xs esmeralda lima maxi",265.0,XS,skirt,,aguaByAguaBendita,2024-Dec-29-22:43:12
agua by agua bendita 2 piece set arrecife anis set printed linen skirt & top set,300.0,M,skirt,,aguaByAguaBendita,2024-Dec-29-22:43:14
agua by agua bendita acanella floral halterneck maxi dress,1650.0,S,skirt,,aguaByAguaBendita,2024-Dec-29-22:43:12
agua by agua bendita alcachofa sabanero dorado cotton maxi skirt,250.0,XS,skirt,,aguaByAguaBendita,2024-Dec-29-22:43:14
agua by agua bendita almendra perla floral maxi dress,900.0,M,skirt,,aguaByAguaBendita,2024-Dec-29-22:43:12
agua by agua bendita anis herbal skirt size xs nwt,320.0,XS,skirt,,aguaByAguaBendita,2024-Dec-29-22:43:14
agua by agua bendita arroyo caracola midi skirt,2100.0,S,skirt,,aguaByAguaBendita,2024-Dec-29-22:43:14
agua by agua bendita bergamota cotton poplin maxi skirt s,285.0,S,skirt,,aguaByAguaBendita,2024-Dec-29-22:43:14
agua by agua bendita bergamota marina skirt,480.0,XS,skirt,,aguaByAguaBendita,2024-Dec-29-22:43:14
agua by agua bendita bergamota skirt & moringa sabanero nocturno'  crop ‚Ä¶,930.0,M,skirt,,aguaByAguaBendita,2024-Dec-29-22:43:14
agua by agua bendita bergamota skirt and top,400.0,XS,skirt,,aguaByAguaBendita,2024-Dec-29-22:43:14
agua by agua bendita brown off the shoulder mini dress,56.0,M,skirt,,aguaByAguaBendita,2024-Dec-29-22:43:12
agua by agua bendita caramelo primavera cotton mini dress,15.0,S,skirt,,aguaByAguaBendita,2024-Dec-29-22:43:12
agua by agua bendita curandera floral print strapless dress,179.0,L,skirt,,aguaByAguaBendita,2024-Dec-29-22:43:12
agua by agua bendita curcuma skirt nwt large,92.0,L,skirt,,aguaByAguaBendita,2024-Dec-29-22:43:14
agua by agua bendita embroidered butterfly linen maxi dress,396.0,M,skirt,,aguaByAguaBendita,2024-Dec-29-22:43:12
agua by agua bendita exclusive mimosa floral cotton maxi skirt,189.0,S,skirt,,aguaByAguaBendita,2024-Dec-29-22:43:14
agua by agua bendita floral pluma dress,535.0,M,skirt,,aguaByAguaBendita,2024-Dec-29-22:43:12
agua by agua bendita floral print maxi skirt,250.0,M,skirt,,aguaByAguaBendita,2024-Dec-29-22:43:14
agua by agua bendita floral printed nori linen mini skirt & duria linen top,495.0,S,skirt,,aguaByAguaBendita,2024-Dec-29-22:43:14
agua by agua bendita grosella mini skirt,175.0,S,skirt,,aguaByAguaBendita,2024-Dec-29-22:43:14
agua by agua bendita grosella mini skirt,198.0,S,skirt,,aguaByAguaBendita,2024-Dec-29-22:43:14
agua by agua bendita grosella tie tiered miniskirt,195.0,XS,skirt,,aguaByAguaBendita,2024-Dec-29-22:43:14
"agua by agua bendita grosella tie tiered miniskirt
size large",140.0,L,skirt,,aguaByAguaBendita,2024-Dec-29-22:43:14
agua by agua bendita habitat lima dress small,599.0,S,skirt,,aguaByAguaBendita,2024-Dec-29-22:43:12
agua by agua bendita laurel dahlia crema ivory mini dress,252.0,L,skirt,,aguaByAguaBendita,2024-Dec-29-22:43:12
agua by agua bendita lavanda cotton silk blend pareo skirt cover-up one size,220.0,one size fits S-M-L,skirt,,aguaByAguaBendita,2024-Dec-29-22:43:14
agua by agua bendita lima embroidered butterfly linen maxi dress. new,445.0,M,skirt,,aguaByAguaBendita,2024-Dec-29-22:43:12
agua by agua bendita lima esmeralda dress,340.0,XS,skirt,,aguaByAguaBendita,2024-Dec-29-22:43:12
agua by agua bendita lima esmeralda dress,475.0,M,skirt,,aguaByAguaBendita,2024-Dec-29-22:43:12
agua by agua bendita luna habitat wrap mini pareo skirt m/l,240.0,M/L,skirt,,aguaByAguaBendita,2024-Dec-29-22:43:14
agua by agua bendita luna pradera print tencel skirt. new with tags -never worn,155.0,S,skirt,,aguaByAguaBendita,2024-Dec-29-22:43:14
agua by agua bendita mambo herbal floral-print cotton-poplin midi dress,220.0,M,skirt,,aguaByAguaBendita,2024-Dec-29-22:43:12
agua by agua bendita manzanilla anturios mini dress floral cotton tiered,145.0,XS,skirt,,aguaByAguaBendita,2024-Dec-29-22:43:12
agua by agua bendita maxi,200.0,XL,skirt,,aguaByAguaBendita,2024-Dec-29-22:43:14
agua by agua bendita mimosa cotton printed maxi skirt. size l.,200.0,L,skirt,,aguaByAguaBendita,2024-Dec-29-22:43:14
agua by agua bendita mimosa skirt + tullipan top set size m,578.0,M,skirt,,aguaByAguaBendita,2024-Dec-29-22:43:14
agua by agua bendita pink puff sleeve mini dress,80.0,M,skirt,,aguaByAguaBendita,2024-Dec-29-22:43:12
agua by agua bendita red poppy print maxi skirt. size m.,225.0,M,skirt,,aguaByAguaBendita,2024-Dec-29-22:43:14
agua by agua bendita rosa strapless ruffled floral mini,140.0,M,skirt,,aguaByAguaBendita,2024-Dec-29-22:43:12
agua by agua bendita salvador jarron cotton mini dress,320.0,M,skirt,,aguaByAguaBendita,2024-Dec-29-22:43:12
agua by agua bendita skirt,100.0,S,skirt,,aguaByAguaBendita,2024-Dec-29-22:43:14
agua by agua bendita top and skirt set,637.0,S,skirt,,aguaByAguaBendita,2024-Dec-29-22:43:14
agua by agua bendita verbena linen dress,155.0,S,skirt,,aguaByAguaBendita,2024-Dec-29-22:43:12
agua by agua bendita white linen embroidered floral dress,85.0,M,skirt,,aguaByAguaBendita,2024-Dec-29-22:43:12
agua by agua bendita women's blue pomelo floral-printed linen maxi dress,550.0,S,skirt,,aguaByAguaBendita,2024-Dec-29-22:43:12
agua by agua bendita women's white curandera sabanero dorado cotton maxi skirt,385.0,M,skirt,,aguaByAguaBendita,2024-Dec-29-22:43:14
agua by agua bendita yerbamora remedios linen midi dress medium,150.0,M,skirt,,aguaByAguaBendita,2024-Dec-29-22:43:12
agua by agua bendita | naranja mimosa yellow floral cotton maxi dress s *altered,150.0,S,skirt,,aguaByAguaBendita,2024-Dec-29-22:43:12
agua by agua bendita-manzanilla tiered floral mini dress-nwt,75.0,S,skirt,,aguaByAguaBendita,2024-Dec-29-22:43:12
agua by agua benedita maringa monarca mini skirt azul floral,98.0,4,skirt,,aguaByAguaBendita,2024-Dec-29-22:43:14
agua lavanda habitat floral print pareo - one size,130.0,One size,skirt,,aguaByAguaBendita,2024-Dec-29-22:43:14
anneth top,140.0,L,top,,doen,2024-Dec-29-22:43:05
b-14. agua by agua bendita lima esmeralda dress green xs,920.0,XS - bust: 32,skirt,,aguaByAguaBendita,2024-Dec-29-22:43:12
b-25. agua by agua bendita lima esmeralda dress green xs,920.0,XS - bust: 32,skirt,,aguaByAguaBendita,2024-Dec-29-22:43:12
b-50. agua by agua bendita lima esmeralda dress green xs,920.0,XS - bust: 32,skirt,,aguaByAguaBendita,2024-Dec-29-22:43:12
b-82. agua by agua bendita lima esmeralda dress green small,920.0,S - bust: 33,skirt,,aguaByAguaBendita,2024-Dec-29-22:43:12
b-95. agua by agua bendita lima esmeralda dress green xs,920.0,XS - bust: 32,skirt,,aguaByAguaBendita,2024-Dec-29-22:43:12
b-98. agua by agua bendita lima esmeralda dress green xl,920.0,XL - bust: 38,skirt,,aguaByAguaBendita,2024-Dec-29-22:43:12
black and white skirt,25.0,M,skirt,,zimmerman,2024-Dec-29-22:43:23
black cocktail dress,15.0,0,skirt,,zimmerman,2024-Dec-29-22:43:22
black floral zimmerman maxi dress,100.0,Size 1 = Small,skirt,,zimmerman,2024-Dec-29-22:43:22
blue floral cutout midi summer dress nwot zimmermann,195.0,4,skirt,,zimmerman,2024-Dec-29-22:43:22
bnwt agua by agua bendita matching skirt and crop top,650.0,M,skirt,,aguaByAguaBendita,2024-Dec-29-22:43:14
brand new - zimmerman august bias long linen dress,405.0,0,skirt,,zimmerman,2024-Dec-29-22:43:22
"brown floral do√™n marfa dress, size small",75.0,S,dress,,doen,2024-Dec-29-22:43:03
copy - agua by agua bendita floral print maxi skirt,250.0,M,skirt,,aguaByAguaBendita,2024-Dec-29-22:43:14
copy - doen emmaretta floral cotton midi-dress,115.0,XS,dress,emmaretta ,doen,2024-Dec-29-22:43:03
copy - reformation lillian dress,59.0,M,skirt,,reformation,2024-Dec-29-22:43:17
doen adele dress,100.0,4,dress,adele ,doen,2024-Dec-29-22:43:03
doen agotha top,130.0,XS,top,agotha ,doen,2024-Dec-29-22:43:05
doen alida countryside patchwork puff sleeve cottagecore cotton top new with tag,180.0,XS,top,alida ,doen,2024-Dec-29-22:43:05
doen amalfi skirt,175.0,M,skirt,,doen,2024-Dec-29-22:43:07
doen anastasia dress,380.0,XS,dress,anastasia ,doen,2024-Dec-29-22:43:03
doen ardasha dress. black tropical floral. size s,150.0,S,dress,,doen,2024-Dec-29-22:43:03
"doen ariste top in golden mesa flor, xs",110.0,XS,top,,doen,2024-Dec-29-22:43:05
doen ashby cotton pointelle turtleneck black/ m,120.0,M,top,ashby ,doen,2024-Dec-29-22:43:05
doen black albertine blouse top size xl,130.0,XL,top,,doen,2024-Dec-29-22:43:05
doen blair dress,175.0,S,dress,,doen,2024-Dec-29-22:43:03
doen blouse,67.0,M,top,,doen,2024-Dec-29-22:43:05
doen brooke dress harvest meadow floral maxi dress cottagecore cotton size xl,140.0,XL,dress,,doen,2024-Dec-29-22:43:03
doen buttercup dress in black winter ditsy print s,127.0,S,skirt,,doen,2024-Dec-29-22:43:07
doen caico canyon burnt bloom long sleeve deep v maxi dress,200.0,L,dress,,doen,2024-Dec-29-22:43:03
doen carina eyelet mini dress black - size xl,150.0,XL,dress,,doen,2024-Dec-29-22:43:03
doen celestine dress,250.0,M,dress,celestine ,doen,2024-Dec-29-22:43:03
doen celestine red velvet heirloom dress nwt new,489.0,S,dress,celestine ,doen,2024-Dec-29-22:43:03
"doen cheri skirt, size 6, deep navy",140.0,6,skirt,cheri,doen,2024-Dec-29-22:43:07
doen chestnut floral dress,248.0,M,dress,,doen,2024-Dec-29-22:43:03
doen cotton blouse,70.0,S,top,,doen,2024-Dec-29-22:43:05
doen donetta dress in magnolia new,300.0,4,dress,,doen,2024-Dec-29-22:43:03
doen elowen 100% silk skirt in rose hillside heather,200.0,M,skirt,elowen,doen,2024-Dec-29-22:43:07
doen elowen silk skirt bleu wildflower thicket,200.0,M,skirt,elowen,doen,2024-Dec-29-22:43:07
doen elowen skirt,185.0,XS,skirt,elowen,doen,2024-Dec-29-22:43:07
doen elowen skirt and amora top,325.0,S,skirt,elowen,doen,2024-Dec-29-22:43:07
doen elowen skirt in cornwall plaid size s,265.0,S,skirt,elowen,doen,2024-Dec-29-22:43:07
doen elowen skirt in dusty blue,227.0,M,skirt,elowen,doen,2024-Dec-29-22:43:07
"doen elowen, pink, small",160.0,S,skirt,elowen,doen,2024-Dec-29-22:43:07
"doen elowen, small, vguc",200.0,S,skirt,elowen,doen,2024-Dec-29-22:43:07
"doen elowena skirt in camille dot, small",250.0,S,skirt,elowen,doen,2024-Dec-29-22:43:07
"doen elowena skirt in villette paisley, brand new without tags, never worn.",170.0,S,skirt,elowen,doen,2024-Dec-29-22:43:07
doen emmaretta floral cotton midi-dress,90.0,XS,dress,emmaretta ,doen,2024-Dec-29-22:43:03
doen emmaretta floral midi maxi dress,195.0,M,dress,emmaretta ,doen,2024-Dec-29-22:43:03
doen fidella sleeveless blouse salt top new nwt,118.0,M,top,fidella ,doen,2024-Dec-29-22:43:05
doen floral brown dress,126.0,S,dress,,doen,2024-Dec-29-22:43:03
doen floral maxi dress,150.0,S,dress,,doen,2024-Dec-29-22:43:03
doen floral maxi nwt,90.0,S,dress,,doen,2024-Dec-29-22:43:03
doen frederica top in alice blue size xxs,140.0,XXS,top,frederica ,doen,2024-Dec-29-22:43:05
doen georgina skirt in salt,110.0,S,skirt,,doen,2024-Dec-29-22:43:07
doen henri top - saint pierre stripe,165.0,XS,top,henri ,doen,2024-Dec-29-22:43:05
doen hollycock floral dress,218.0,M,dress,,doen,2024-Dec-29-22:43:03
doen jane blouse,90.0,M,top,jane ,doen,2024-Dec-29-22:43:05
doen julep wrap handkerchief hem skirt in black lilium,140.0,S,skirt,,doen,2024-Dec-29-22:43:07
doen june puff sleeve top xs,90.0,XS,top,june ,doen,2024-Dec-29-22:43:05
doen keira maxi dress (never worn!),120.0,M,dress,,doen,2024-Dec-29-22:43:03
doen lois tank top new nwt,95.0,M,top,lois ,doen,2024-Dec-29-22:43:05
doen long puff sleeve maxi dress green floral - medium,200.0,M,dress,,doen,2024-Dec-29-22:43:03
doen lorena dress monte isola stripe,130.0,M,dress,,doen,2024-Dec-29-22:43:03
doen marfa dress,296.0,M,dress,,doen,2024-Dec-29-22:43:03
doen midi floral skirt,65.0,XS,skirt,,doen,2024-Dec-29-22:43:07
doen nandi skirt in daffodil yellow,168.0,Various,skirt,nandi,doen,2024-Dec-29-22:43:07
doen narcissa top in pink valley floral pink,110.0,XS,top,,doen,2024-Dec-29-22:43:05
"doen narcisse dress in camille dot, brand new without tags, never worn, no flaws",300.0,Various,dress,camille ,doen,2024-Dec-29-22:43:03
doen pirouette top medium,95.0,M,top,,doen,2024-Dec-29-22:43:05
doen plum top in campagne floral print xs prairie,85.0,XS,top,,doen,2024-Dec-29-22:43:05
doen poet ruffled midi dress - black - xs,160.0,XS,dress,,doen,2024-Dec-29-22:43:03
doen pointelle organic cotton mock neck m,100.0,M,top,,doen,2024-Dec-29-22:43:05
doen preston liberty floral midi maxi tie waste dress,200.0,M,dress,,doen,2024-Dec-29-22:43:03
doen primrose dress pollen size small,160.0,S,dress,,doen,2024-Dec-29-22:43:03
doen primrose dress pollen size small,250.0,S,dress,,doen,2024-Dec-29-22:43:03
doen printed midi length wrap skirt size xl,125.0,XL,skirt,,doen,2024-Dec-29-22:43:07
doen rieti skirt - s - salt,180.0,S,skirt,rieti,doen,2024-Dec-29-22:43:07
doen rose top in rust ditzy floral print xs,140.0,XS,top,,doen,2024-Dec-29-22:43:05
"doen sabina embroidered a-line full skirt, white, women‚Äôs xxl",55.0,XXL,skirt,,doen,2024-Dec-29-22:43:07
doen sanremo skirt nwt,120.0,S,skirt,sanremo,doen,2024-Dec-29-22:43:07
doen sebastian skirt in powder white sz large,225.0,L,skirt,,doen,2024-Dec-29-22:43:07
"doen sebastiane lace skirt in black, brand new without tags, never worn.",180.0,S,skirt,sebastiane,doen,2024-Dec-29-22:43:07
"doen sebastiane lace skirt in black, brand new without tags, never worn.",180.0,XS,skirt,sebastiane,doen,2024-Dec-29-22:43:07
doen sebastiane skirt,150.0,S,skirt,sebastiane,doen,2024-Dec-29-22:43:07
doen sebastiane skirt - white - large,110.0,L,skirt,sebastiane,doen,2024-Dec-29-22:43:07
doen sebastiane skirt black small,148.0,S,skirt,sebastiane,doen,2024-Dec-29-22:43:07
doen sebastiane skirt in powder,160.0,S,skirt,sebastiane,doen,2024-Dec-29-22:43:07
doen sebastiane skirt sz small,185.0,S,skirt,sebastiane,doen,2024-Dec-29-22:43:07
doen seine rosebud tank new nwt,95.0,L,top,,doen,2024-Dec-29-22:43:05
doen shoulder tie floral maxi dress - size xs,100.0,XS,dress,,doen,2024-Dec-29-22:43:03
doen silk skirt,97.0,L,skirt,,doen,2024-Dec-29-22:43:07
doen skirt,150.0,S,skirt,,doen,2024-Dec-29-22:43:07
"doen skirt , black, size 8",178.0,8,skirt,,doen,2024-Dec-29-22:43:07
doen sol puff sleeve smocked maxi dress black m aso phoebe tonkin,200.0,M,dress,,doen,2024-Dec-29-22:43:03
doen sparrow top cream seafarer stripe,85.0,S,top,,doen,2024-Dec-29-22:43:05
doen sz xs sebastiane skirt midi scalloped ivory a-line,140.0,XS,skirt,sebastiane,doen,2024-Dec-29-22:43:07
doen the jane blouse,105.0,S,top,jane ,doen,2024-Dec-29-22:43:05
doen vera top in salt xs,125.0,XS,top,vera ,doen,2024-Dec-29-22:43:05
doen victorie maxi dress in mirbeau garden floral print,200.0,M,dress,,doen,2024-Dec-29-22:43:03
doen viola black and white floral ruffled top - large,90.0,L,top,viola ,doen,2024-Dec-29-22:43:05
doen violetta dress cream ladybird floral size xs,160.0,XS,dress,violetta ,doen,2024-Dec-29-22:43:03
doen whistler maxi dress size m medium red terracotta floral print,169.0,M,dress,,doen,2024-Dec-29-22:43:03
doen white lace sheer dress size xl,135.0,XL,dress,,doen,2024-Dec-29-22:43:03
doen x liberty chestnut floral dress,200.0,S,dress,,doen,2024-Dec-29-22:43:03
"do√™n marfa dress, green garden bloom size small",75.0,S,dress,,doen,2024-Dec-29-22:43:03
d√≤en flowered blouse of good size,90.0,L,top,,doen,2024-Dec-29-22:43:05
"d√¥en alida top, countryside
patchwork print",95.0,S,top,alida ,doen,2024-Dec-29-22:43:05
d√¥en elowen silk midi skirt in rose hillside floral small,150.0,S,skirt,elowen,doen,2024-Dec-29-22:43:07
d√¥en franique dress in azure paris gingham navy blue white size xs brand new nwt,170.0,XS,dress,franique ,doen,2024-Dec-29-22:43:03
d√¥en heirloom angeletta dress in salt. worn once.,490.0,4,dress,,doen,2024-Dec-29-22:43:03
d√¥en jane blouse dusty teal cotton viscose size xs new nwt,141.0,XS,top,jane ,doen,2024-Dec-29-22:43:05
d√¥en jane blouse in azure french plaid organic cotton viscose size xxs new nwt,159.0,XXS,top,jane ,doen,2024-Dec-29-22:43:05
d√¥en jane blouse in berry bisou floral organic cotton size xs new nwt,158.0,XS,top,jane ,doen,2024-Dec-29-22:43:05
d√¥en jane blouse in desert blooms block print organic cotton size small new nwt,149.0,S,top,jane ,doen,2024-Dec-29-22:43:05
d√¥en jane blouse in desert blooms block print organic cotton size xs new nwt,149.0,XS,top,jane ,doen,2024-Dec-29-22:43:05
d√¥en jane blouse in dusty teal cotton viscose size xs new nwt,148.0,XS,top,jane ,doen,2024-Dec-29-22:43:05
d√¥en jane blouse in indigo stripe blue pattern cotton size xs brand new nwt,158.0,XS,top,jane ,doen,2024-Dec-29-22:43:05
d√¥en jane blouse in la maddalena gingham organic cotton size xs brand new nwt,149.0,XS,top,jane ,doen,2024-Dec-29-22:43:05
d√¥en jane blouse in midnight st. germain plaid navy organic cotton size xs euc,148.0,XS,top,jane ,doen,2024-Dec-29-22:43:05
d√¥en jane blouse in moss organic cotton viscose size xs new nwt,148.0,XS,top,jane ,doen,2024-Dec-29-22:43:05
d√¥en jane blouse in navy bisou floral organic cotton size xs new nwt,155.0,XS,top,jane ,doen,2024-Dec-29-22:43:05
d√¥en jane blouse in navy somerset plaid organic cotton size xxs new nwt,158.0,XXS,top,jane ,doen,2024-Dec-29-22:43:05
d√¥en jane blouse in rossendale valley plaid red & blue organic cotton xs new nwt,148.0,XS,top,jane ,doen,2024-Dec-29-22:43:05
d√¥en jane blouse in sky somerset plaid organic cotton size xxs new nwt,158.0,XXS,top,jane ,doen,2024-Dec-29-22:43:05
d√¥en jane blouse in tierra cotton viscose size xs new nwt,148.0,XS,top,jane ,doen,2024-Dec-29-22:43:05
d√¥en jane blouse in traveler block print off-white floral organic cotton xs nwt,150.0,XS,top,jane ,doen,2024-Dec-29-22:43:05
d√¥en jane blouse pink sunflower block print organic cotton size xs new nwt,125.0,XS,top,jane ,doen,2024-Dec-29-22:43:05
d√¥en joan dress in foxtail golden yellow tan orange size xs brand new nwt,179.0,XS,dress,,doen,2024-Dec-29-22:43:03
d√¥en lille top in monte isola stripe,100.0,XS,top,lille ,doen,2024-Dec-29-22:43:05
d√¥en minou pointelle turtleneck silk alpaca dogwood cream white women's medium,100.0,M,top,,doen,2024-Dec-29-22:43:05
d√¥en rietta dress -- wildflower whisper,195.0,M,dress,,doen,2024-Dec-29-22:43:03
d√¥en sebastiane skirt in la maddalena gingham xl,175.0,XL,skirt,sebastiane,doen,2024-Dec-29-22:43:07
d√¥en x gap midi skirt,20.0,S,skirt,,doen,2024-Dec-29-22:43:07
d√¥enelowen silk lace-trim skirt blue,180.0,XS,skirt,elowen,doen,2024-Dec-29-22:43:07
ellie nap dress pink roses poplin - size small,130.0,S,skirt,,hill_house,2024-Dec-29-22:43:08
embroidered blue and white mini skirt xs,135.0,XS,skirt,,aguaByAguaBendita,2024-Dec-29-22:43:14
"fabienne skirt
in navy countryside plaid
size m",250.0,M,skirt,fabienne,doen,2024-Dec-29-22:43:07
final sale! reformation doutzen floral mini dress,127.0,8,skirt,,reformation,2024-Dec-29-22:43:17
gorgeous cherry reformation top!!!,28.0,4,skirt,,aguaByAguaBendita,2024-Dec-29-22:43:16
gorgeous cherry reformation top!!!,28.0,4,skirt,,reformation,2024-Dec-29-22:43:21
gorgeous zimmerman top,280.0,M,skirt,,zimmerman,2024-Dec-29-22:43:24
hill house - the ellie nap dress (ski chalet),85.0,XXS,skirt,,hill_house,2024-Dec-29-22:43:08
hill house akilah nap dress midi black,70.0,S,skirt,,hill_house,2024-Dec-29-22:43:08
hill house anjuli crepe lined light pink dress,30.0,XXL,skirt,,hill_house,2024-Dec-29-22:43:08
hill house athena nap dress pink gingham mini square neck babydoll cotton,33.0,S,skirt,,hill_house,2024-Dec-29-22:43:08
hill house athena nap mini dress thai check plaid size m,60.0,M,skirt,,hill_house,2024-Dec-29-22:43:08
hill house black watch plaid wrap skirt s,15.0,S,skirt,,hill_house,2024-Dec-29-22:43:09
hill house blue kaleidoscopic print allie zip up sweatshirt fleece hoodie nwt,25.0,S,skirt,,hill_house,2024-Dec-29-22:43:11
hill house delphine nap skirt,70.0,XL,skirt,,hill_house,2024-Dec-29-22:43:09
hill house delphine nap skirt white size m,42.0,M,skirt,,hill_house,2024-Dec-29-22:43:09
hill house dress xs,60.0,XS,skirt,,hill_house,2024-Dec-29-22:43:08
hill house ellie nap dress,65.0,XS,skirt,,hill_house,2024-Dec-29-22:43:08
hill house ellie nap drss in blue and white size medium,115.0,M,skirt,,hill_house,2024-Dec-29-22:43:08
hill house fall 2023 louisa multi-berry crepe puff sleeve dress xl,50.0,XL,skirt,,hill_house,2024-Dec-29-22:43:08
hill house francesca puff sleeve top white sz xl cottagecore romantic feminine,28.0,XL,skirt,,hill_house,2024-Dec-29-22:43:11
hill house grace top new without tags,28.0,M,skirt,,hill_house,2024-Dec-29-22:43:11
"hill house home

the tatiana skirt, multi equestrian toile stretch crepe nwt xl",90.0,XL,skirt,,hill_house,2024-Dec-29-22:43:09
hill house home aiko nap top in emerald botanical cotton,16.0,XS,skirt,,hill_house,2024-Dec-29-22:43:11
hill house home delphine nap skirt navy stripe,65.0,XS,skirt,,hill_house,2024-Dec-29-22:43:09
hill house home ellie nap dress blue and white mosaic,110.0,S,skirt,,hill_house,2024-Dec-29-22:43:08
hill house home ellie nap dress blue and white mosaic,112.0,S,skirt,,hill_house,2024-Dec-29-22:43:08
hill house home ellie nap dress blue and white mosaic,130.0,S,skirt,,hill_house,2024-Dec-29-22:43:08
hill house home ellie nap dress bubblegum pink stipe,90.0,S,skirt,,hill_house,2024-Dec-29-22:43:08
hill house home ellie nap dress in light blue glitter check size xl,81.0,XL,skirt,,hill_house,2024-Dec-29-22:43:08
hill house home ellie nap dress midi powder blue lace slip,35.0,L,skirt,,hill_house,2024-Dec-29-22:43:08
hill house home ellie nap dress pink diane hill nwt,115.0,XS,skirt,,hill_house,2024-Dec-29-22:43:08
hill house home ellie size small,100.0,S,skirt,,hill_house,2024-Dec-29-22:43:08
hill house home ellie xs,65.0,XS,skirt,,hill_house,2024-Dec-29-22:43:08
hill house home fairy secret garden sweatshirt size l,21.0,L,skirt,,hill_house,2024-Dec-29-22:43:11
hill house home florence nap skirt womens l maxi floral red shell boho coastal,54.0,L,skirt,,hill_house,2024-Dec-29-22:43:09
hill house home inola skirt small nwt,185.0,S,skirt,,hill_house,2024-Dec-29-22:43:09
hill house home jewel jammie top in white,37.0,S,skirt,,hill_house,2024-Dec-29-22:43:11
hill house home kit top - size: medium,40.0,M,skirt,,hill_house,2024-Dec-29-22:43:11
hill house home louisa nap dress thistle fleur chintz m,100.0,M,skirt,,hill_house,2024-Dec-29-22:43:08
hill house home navy blue athena crepe nap dress,31.0,S,skirt,,hill_house,2024-Dec-29-22:43:08
hill house home nwt sz l delphine nap skirt navy blue plaid midi preppy smocked,50.0,L,skirt,,hill_house,2024-Dec-29-22:43:09
hill house home paz linen skirt tiered ruffles nwt size medium,48.0,M,skirt,,hill_house,2024-Dec-29-22:43:09
hill house home seraphina midi dress nap in blue basketweave size medium,200.0,M,skirt,,hill_house,2024-Dec-29-22:43:08
hill house home the all-gender teddy crewneck in blue m nwot,45.0,M,skirt,,hill_house,2024-Dec-29-22:43:11
hill house home the clara tulle skirt,108.0,S,skirt,,hill_house,2024-Dec-29-22:43:09
hill house home the ellie nap dress black size,150.0,S,skirt,,hill_house,2024-Dec-29-22:43:08
hill house home the june nap top size large,40.0,L,skirt,,hill_house,2024-Dec-29-22:43:11
hill house home the matilda mini dress - tartan lam√© xl,120.0,XL,skirt,,hill_house,2024-Dec-29-22:43:08
hill house home the tatiana skirt in navy equestrian toile,75.0,L,skirt,,hill_house,2024-Dec-29-22:43:09
hill house home ‚Äì the inola skirt in green wallace plaid sz large,125.0,L,skirt,,hill_house,2024-Dec-29-22:43:09
hill house inola skirt navy autumn,60.0,S,skirt,,hill_house,2024-Dec-29-22:43:09
hill house jade top,22.0,M,skirt,,hill_house,2024-Dec-29-22:43:11
hill house juliet top - white poplin,25.0,S,skirt,,hill_house,2024-Dec-29-22:43:11
hill house june nap top scallop lace,120.0,XS,skirt,,hill_house,2024-Dec-29-22:43:11
"hill house kit top in white, size s like new",22.0,S,skirt,,hill_house,2024-Dec-29-22:43:11
hill house lace ellie nap dress,135.0,M,skirt,,hill_house,2024-Dec-29-22:43:08
hill house lettie top -nwt medium!,25.0,M,skirt,,hill_house,2024-Dec-29-22:43:11
hill house luna bodysuit long sleeve turtleneck nwt,28.0,XS,skirt,,hill_house,2024-Dec-29-22:43:11
"hill house matilda dress black ikat floral taffeta black
floral size xl",159.0,XL,skirt,,hill_house,2024-Dec-29-22:43:08
hill house mirabel skirt,55.0,M,skirt,,hill_house,2024-Dec-29-22:43:09
hill house mirable wrap skirt,70.0,L,skirt,,hill_house,2024-Dec-29-22:43:09
hill house nap dress,45.0,S,skirt,,hill_house,2024-Dec-29-22:43:08
hill house nap skirt,45.0,XXL,skirt,,hill_house,2024-Dec-29-22:43:09
hill house nap skirt. navy plaid. s. nwt.,64.0,S,skirt,,hill_house,2024-Dec-29-22:43:09
hill house navy blue linen skirt size small nwt,10.0,S,skirt,,hill_house,2024-Dec-29-22:43:09
hill house navy paisley floral inola small,55.0,S,skirt,,hill_house,2024-Dec-29-22:43:09
hill house navy ruffle top,30.0,XS,skirt,,hill_house,2024-Dec-29-22:43:11
hill house nesli green trellis smocked midi dress,75.0,S,skirt,,hill_house,2024-Dec-29-22:43:08
"hill house nesli nap dress, light blue glitter check, xs",89.0,XS,skirt,,hill_house,2024-Dec-29-22:43:08
hill house nwot mellie top size small,15.0,S,skirt,,hill_house,2024-Dec-29-22:43:11
"hill house nwt green trailing vine
the mirabel skirt multi crepe wrap skirt xs",102.0,XS,skirt,,hill_house,2024-Dec-29-22:43:09
hill house ophelia midi dress,79.0,S,skirt,,hill_house,2024-Dec-29-22:43:08
hill house paz nap top,27.0,S,skirt,,hill_house,2024-Dec-29-22:43:11
hill house paz skirt in black linen,38.0,M,skirt,,hill_house,2024-Dec-29-22:43:09
hill house paz skirt sz m light blue floral space print 100% linen mini ruffle,21.0,M,skirt,,hill_house,2024-Dec-29-22:43:09
hill house paz top navy,35.0,M,skirt,,hill_house,2024-Dec-29-22:43:11
hill house pink puff sleeve sweatshirt top embroidered logo size xl extr‚Ä¶,30.0,XL,skirt,,hill_house,2024-Dec-29-22:43:11
hill house pink roses ruffle linen the paz skirt nwt size small,25.0,S,skirt,,hill_house,2024-Dec-29-22:43:09
hill house size l delphine skirt nwt,25.0,L,skirt,,hill_house,2024-Dec-29-22:43:09
hill house size medium delphine nap skirt,38.0,M,skirt,,hill_house,2024-Dec-29-22:43:09
hill house skirt,35.0,M,skirt,,hill_house,2024-Dec-29-22:43:09
hill house skirt,40.0,XS,skirt,,hill_house,2024-Dec-29-22:43:09
hill house skirt nwt,80.0,S,skirt,,hill_house,2024-Dec-29-22:43:09
hill house skirt set,85.0,S,skirt,,hill_house,2024-Dec-29-22:43:09
hill house soft merino wool summer tank,20.0,L,skirt,,hill_house,2024-Dec-29-22:43:11
hill house tatiana,120.0,XS,skirt,,hill_house,2024-Dec-29-22:43:09
hill house tatiana wrap mini skirt s,32.0,S,skirt,,hill_house,2024-Dec-29-22:43:09
hill house teddy crew unisex fleece pullover sweatshirt ski chalet lodge medium,30.0,M,skirt,,hill_house,2024-Dec-29-22:43:11
hill house teddy hoodie sweatshirt zip-up soft cotton blend jacket navy nwt m,21.0,M,skirt,,hill_house,2024-Dec-29-22:43:11
hill house teddy top,24.0,L,skirt,,hill_house,2024-Dec-29-22:43:11
hill house teddy women‚Äôs powder blue puff sleeve sweatshirt,12.0,XS,skirt,,hill_house,2024-Dec-29-22:43:11
hill house the ballet wrap sweater,34.0,S,skirt,,hill_house,2024-Dec-29-22:43:11
hill house the clara tulle tiered dotted mini skirt powder blue s,36.0,S,skirt,,hill_house,2024-Dec-29-22:43:09
hill house the elizabeth nap dress smocked ocean kaleidoscope print blue linen,45.0,S,skirt,,hill_house,2024-Dec-29-22:43:08
hill house the elli crop top,65.0,M,skirt,,hill_house,2024-Dec-29-22:43:11
hill house the ellie nap dress black textured smocked midi size small,80.0,S,skirt,,hill_house,2024-Dec-29-22:43:08
hill house the kit top light blue with roses m,29.0,M,skirt,,hill_house,2024-Dec-29-22:43:11
hill house the louisa nap dress emerald crepe size xl,70.0,XL,skirt,,hill_house,2024-Dec-29-22:43:08
hill house the louisa nap dress light blue smocked stripes puff sleeves size l,65.0,L,skirt,,hill_house,2024-Dec-29-22:43:08
hill house the louisa nap midi cottagecore dress in navy velvet new size m,63.0,M,skirt,,hill_house,2024-Dec-29-22:43:08
hill house the mila‚Åüone shoulder dress in white linen size s,31.0,S,skirt,,hill_house,2024-Dec-29-22:43:08
hill house the nap dress sz l nwt,55.0,L,skirt,,hill_house,2024-Dec-29-22:43:08
hill house the paz navy blue skirt,50.0,XL,skirt,,hill_house,2024-Dec-29-22:43:09
hill house the paz top in emerald botanical,40.0,M,skirt,,hill_house,2024-Dec-29-22:43:11
hill house the tatiana skirt in equestrian toile,100.0,L,skirt,,hill_house,2024-Dec-29-22:43:09
hill house turtleneck bodysuit,40.0,S,skirt,,hill_house,2024-Dec-29-22:43:11
hill house white paz top m,85.0,M,skirt,,hill_house,2024-Dec-29-22:43:11
hill house white rhinestone blouse m,13.0,M,skirt,,hill_house,2024-Dec-29-22:43:11
hill house white top.,32.0,L,skirt,,hill_house,2024-Dec-29-22:43:11
hill house women‚Äôs beige turtleneck shirt s l52-8,23.0,S,skirt,,hill_house,2024-Dec-29-22:43:11
hill house | the re-edition gingham nap dress,65.0,M,skirt,,hill_house,2024-Dec-29-22:43:08
hill house ‚Äúthe paz skirt‚Äù,30.0,L,skirt,,hill_house,2024-Dec-29-22:43:09
"hill house ‚Ä¢ the delphine nap skirt
night bloom cotton",65.0,L,skirt,,hill_house,2024-Dec-29-22:43:09
hillhouse chloe sweater dress in silver sequin knit size x-small nwt,143.0,XS,skirt,,hill_house,2024-Dec-29-22:43:08
hill‚Åühouse l teddy top blue puff sleeve boxy pullover crew with joggers,22.0,L,skirt,,hill_house,2024-Dec-29-22:43:11
innika choo eyelet tie strap maxi dress blue small,70.0,S,dress,,doen,2024-Dec-29-22:43:03
jeweled top,25.0,L,skirt,,hill_house,2024-Dec-29-22:43:11
matilda top,25.0,S,skirt,,hill_house,2024-Dec-29-22:43:11
mini/midi reformation 100 %silk skirt,30.0,2,skirt,,reformation,2024-Dec-29-22:43:19
navy hill house nap dress,70.0,L,skirt,,hill_house,2024-Dec-29-22:43:08
navy long sleeve bodysuit,20.0,S,skirt,,hill_house,2024-Dec-29-22:43:11
new doen nerida top in ivory small,116.0,S,top,nerida ,doen,2024-Dec-29-22:43:05
new doen piper dress w optional sash belt,124.0,S,dress,piper ,doen,2024-Dec-29-22:43:03
new d√¥en marlanna ruffled tiered silk maxi dress in villa floral print,250.0,S,dress,,doen,2024-Dec-29-22:43:03
new european royal blue empire dress,12.0,0P,skirt,,zimmerman,2024-Dec-29-22:43:22
new hill house ellie nap dress in navy gingham l,94.0,L,skirt,,hill_house,2024-Dec-29-22:43:08
new hill house tatiana skirt in equestrian toile small,162.0,S,skirt,,hill_house,2024-Dec-29-22:43:09
new hill house the allie zip up in ocean kaleidoscope,25.0,M,skirt,,hill_house,2024-Dec-29-22:43:11
new reformation gramercy crop top,29.0,4,skirt,,aguaByAguaBendita,2024-Dec-29-22:43:16
new reformation gramercy crop top,29.0,4,skirt,,reformation,2024-Dec-29-22:43:21
new reformation will shirt oversized white button up organic cotton top size s,65.0,S,skirt,,aguaByAguaBendita,2024-Dec-29-22:43:16
new reformation will shirt oversized white button up organic cotton top size s,65.0,S,skirt,,reformation,2024-Dec-29-22:43:21
new reformation x laura harrier lakisha silk skirt - aquamarine blue,135.0,2,skirt,,reformation,2024-Dec-29-22:43:19
new tags on it. zimmerman dress size 10,300.0,10,skirt,,zimmerman,2024-Dec-29-22:43:22
new! hill house cosima nap dress chocolate tonal seersucker large,345.0,L,skirt,,hill_house,2024-Dec-29-22:43:08
new! reformation bea midi skirt - confetti polka dot,70.0,6,skirt,,reformation,2024-Dec-29-22:43:19
nib hill house tatiana skirt in equestrian toile medium,137.0,M,skirt,,hill_house,2024-Dec-29-22:43:09
nwot - reformation midi skirt black ribbed - size medium - new and never worn,48.0,M,skirt,,reformation,2024-Dec-29-22:43:19
nwot agua by agua bendita floral midi dress,80.0,M,skirt,,aguaByAguaBendita,2024-Dec-29-22:43:12
nwot agua by agua bendita leonora pasiflora mini skirt size m,115.0,M,skirt,,aguaByAguaBendita,2024-Dec-29-22:43:14
nwot doen benoit dress in liberty print - s,178.0,S,dress,,doen,2024-Dec-29-22:43:03
nwot doen marjorie floral dress in blue women's size small,145.0,S,dress,,doen,2024-Dec-29-22:43:03
nwot doen sebastiane lace skirt,185.0,M,skirt,sebastiane,doen,2024-Dec-29-22:43:07
nwot hill house delphine skirt set in black scallop lace size small,200.0,S,skirt,,hill_house,2024-Dec-29-22:43:09
nwot hill house ellie nap tarten plaid ruffled midi dress with cap sleeves,127.0,M,skirt,,hill_house,2024-Dec-29-22:43:08
nwot hill house the paz nap top - pink roses linen size s/small,50.0,S,skirt,,hill_house,2024-Dec-29-22:43:11
nwot hill house the paz skirt,55.0,XS,skirt,,hill_house,2024-Dec-29-22:43:09
nwot hill house the paz skirt - navy linen size m/medium,35.0,M,skirt,,hill_house,2024-Dec-29-22:43:09
nwot hill house top,35.0,M,skirt,,hill_house,2024-Dec-29-22:43:11
nwot reformation sigmund dress pixie,100.0,6,skirt,,reformation,2024-Dec-29-22:43:17
nwot zimmerman bright side silk dress,400.0,2,skirt,,zimmerman,2024-Dec-29-22:43:22
"nwt ""reformation mya floral puff sleeve dress 0, rivera""",175.0,0,skirt,,reformation,2024-Dec-29-22:43:17
nwt agua bendita anis riviera maxi long skirt tiered linen blue floral tile s,319.0,S,skirt,,aguaByAguaBendita,2024-Dec-29-22:43:14
nwt agua bendita lavanda magdalena dia pareo cover up wrap skirt floral blue,150.0,One Size,skirt,,aguaByAguaBendita,2024-Dec-29-22:43:14
nwt agua bendita pistachio dahlia midi dress embroidered floral print m,269.0,M,skirt,,aguaByAguaBendita,2024-Dec-29-22:43:12
nwt agua bendita simbolo lavanda pradera sarong pareo wrap skirt floral grid,135.0,One Size,skirt,,aguaByAguaBendita,2024-Dec-29-22:43:14
nwt agua by agua bendita crop top and skirt set,314.0,S,skirt,,aguaByAguaBendita,2024-Dec-29-22:43:14
nwt agua by agua bendita horizonte peonia aurora puff sleeve babydoll dress,318.0,M,skirt,,aguaByAguaBendita,2024-Dec-29-22:43:12
nwt agua by agua bendita macadamia hedra multicolor maxi skirt; size s,270.0,S,skirt,,aguaByAguaBendita,2024-Dec-29-22:43:14
nwt agua by auga bendita skirt,200.0,S,skirt,,aguaByAguaBendita,2024-Dec-29-22:43:14
nwt doen docia henri taylor eyelet lace puff sleeve blouse xs 0 2,92.0,XS,top,henri ,doen,2024-Dec-29-22:43:05
nwt doen elowen skirt in deep navy sz m,220.0,M,skirt,elowen,doen,2024-Dec-29-22:43:07
nwt doen marci dress in field of tulips,100.0,M,dress,,doen,2024-Dec-29-22:43:03
nwt d√¥en floral print short puff sleeve button-up midi dress white size medium $,200.0,M,dress,,doen,2024-Dec-29-22:43:03
nwt d√¥en sanremo skirt size xl,50.0,XL,skirt,sanremo,doen,2024-Dec-29-22:43:07
nwt d√¥en sebastiane skirt in powder,150.0,M,skirt,sebastiane,doen,2024-Dec-29-22:43:07
nwt d√¥en sebastiane skirt in powder,163.0,M,skirt,sebastiane,doen,2024-Dec-29-22:43:07
nwt gap √ó d√¥en eyelet midi skirt,75.0,L,skirt,,doen,2024-Dec-29-22:43:07
nwt hill house $125 the paz skirt mini candy kaleidoscope pink linen ruffle m,11.0,M,skirt,,hill_house,2024-Dec-29-22:43:09
nwt hill house addie eyelet black nap dress (small),60.0,S,skirt,,hill_house,2024-Dec-29-22:43:08
nwt hill house home black the luna bodysuit,32.0,S,skirt,,hill_house,2024-Dec-29-22:43:11
nwt hill house home ellie nap midi dress crepe multi berry crinkle chiffon xs,110.0,XS,skirt,,hill_house,2024-Dec-29-22:43:08
nwt hill house home gingham collared top,18.0,S,skirt,,hill_house,2024-Dec-29-22:43:11
nwt hill house home luna bodysuit in blue,10.0,M,skirt,,hill_house,2024-Dec-29-22:43:11
nwt hill house home paz linen mini skirt in navy,12.0,M,skirt,,hill_house,2024-Dec-29-22:43:09
nwt hill house home tatiana plaid mini skirt,35.0,M,skirt,,hill_house,2024-Dec-29-22:43:09
nwt hill house home the tatiana skirt in equestrian toile size small,105.0,S,skirt,,hill_house,2024-Dec-29-22:43:09
nwt hill house home white the luna bodysuit,34.0,L,skirt,,hill_house,2024-Dec-29-22:43:11
nwt hill house inola skirt in berry wallace plaid size medium,139.0,M,skirt,,hill_house,2024-Dec-29-22:43:09
nwt hill house louisa nap dress wrinkle resistant navy crepe women's size xl,132.0,XL,skirt,,hill_house,2024-Dec-29-22:43:08
nwt hill house midi lace skirt,30.0,S,skirt,,hill_house,2024-Dec-29-22:43:09
nwt hill house the isabella top pink roses,15.0,S,skirt,,hill_house,2024-Dec-29-22:43:11
nwt hill house the roxie nap dress,25.0,L,skirt,,hill_house,2024-Dec-29-22:43:08
nwt new!! zimmerman floral pintuck dress,95.0,4,skirt,,zimmerman,2024-Dec-29-22:43:22
nwt reformation lacey dress size 20,228.0,20,skirt,,reformation,2024-Dec-29-22:43:17
nwt reformation michel deep v plunge long sleeve black blouse size 6,55.0,6,skirt,,aguaByAguaBendita,2024-Dec-29-22:43:16
nwt reformation michel deep v plunge long sleeve black blouse size 6,55.0,6,skirt,,reformation,2024-Dec-29-22:43:21
nwt reformation navy mini dress floral sz 4,88.0,4,skirt,,reformation,2024-Dec-29-22:43:17
"nwt reformation sigmund long
sleeve midi dress in black size 6",100.0,6,skirt,,reformation,2024-Dec-29-22:43:17
nwt zimmerman kali hibiscus linen blouse size 1,70.0,S,skirt,,zimmerman,2024-Dec-29-22:43:24
"nwt, reformation, blue, zip back, button top, size 8",45.0,8,skirt,,aguaByAguaBendita,2024-Dec-29-22:43:16
"nwt, reformation, blue, zip back, button top, size 8",45.0,8,skirt,,reformation,2024-Dec-29-22:43:21
paris style white skirt,84.0,XS,skirt,,doen,2024-Dec-29-22:43:07
pink skirt,60.0,XS,skirt,,doen,2024-Dec-29-22:43:07
rainbow reformation wrap skirt,25.0,0,skirt,,reformation,2024-Dec-29-22:43:19
reformation (other) floral printed dama wrap dress,55.0,L,skirt,,reformation,2024-Dec-29-22:43:17
reformation 2 robbie silk mini skirt palladio brown print,50.0,2,skirt,,reformation,2024-Dec-29-22:43:19
reformation amalie tiered sleeve top,80.0,12,skirt,,aguaByAguaBendita,2024-Dec-29-22:43:16
reformation amalie tiered sleeve top,80.0,12,skirt,,reformation,2024-Dec-29-22:43:21
reformation annaliese top (bengal),28.0,XS,skirt,,aguaByAguaBendita,2024-Dec-29-22:43:16
reformation annaliese top (bengal),28.0,XS,skirt,,reformation,2024-Dec-29-22:43:21
reformation annaliese top (sinatra stripe),28.0,XS,skirt,,aguaByAguaBendita,2024-Dec-29-22:43:16
reformation annaliese top (sinatra stripe),28.0,XS,skirt,,reformation,2024-Dec-29-22:43:21
reformation ariana top (poppyseed),148.0,6,skirt,,aguaByAguaBendita,2024-Dec-29-22:43:16
reformation ariana top (poppyseed),148.0,6,skirt,,reformation,2024-Dec-29-22:43:21
reformation bacio top (pearls),30.0,6,skirt,,aguaByAguaBendita,2024-Dec-29-22:43:16
reformation bacio top (pearls),30.0,6,skirt,,reformation,2024-Dec-29-22:43:21
reformation bacio top (pearls),38.0,6,skirt,,aguaByAguaBendita,2024-Dec-29-22:43:16
reformation bacio top (pearls),38.0,6,skirt,,reformation,2024-Dec-29-22:43:21
reformation bacio top (pearls),38.0,8,skirt,,aguaByAguaBendita,2024-Dec-29-22:43:16
reformation bacio top (pearls),38.0,8,skirt,,reformation,2024-Dec-29-22:43:21
reformation bardot top (blush),18.0,M,skirt,,aguaByAguaBendita,2024-Dec-29-22:43:16
reformation bardot top (blush),18.0,M,skirt,,reformation,2024-Dec-29-22:43:21
reformation bea floral midi skirt daisy chain - 2,108.0,2,skirt,,reformation,2024-Dec-29-22:43:19
reformation bea skirt,33.0,0,skirt,,reformation,2024-Dec-29-22:43:19
reformation bea skirt,80.0,8,skirt,,reformation,2024-Dec-29-22:43:19
reformation bend lightweight skirt,30.0,10,skirt,,reformation,2024-Dec-29-22:43:19
reformation black  maxi skirt size small,30.0,S,skirt,,reformation,2024-Dec-29-22:43:19
reformation black jenna ruched mini skirt - 10,16.0,10,skirt,,reformation,2024-Dec-29-22:43:19
reformation black knit maxi dress long sleeves lyocell xl,14.0,XL,skirt,,reformation,2024-Dec-29-22:43:17
reformation blanca top night bloom,95.0,6,skirt,,aguaByAguaBendita,2024-Dec-29-22:43:16
reformation blanca top night bloom,95.0,6,skirt,,reformation,2024-Dec-29-22:43:21
reformation bnwt nila denim skirt galway sz 25,65.0,2,skirt,,reformation,2024-Dec-29-22:43:19
reformation boyfriend long sleeve tee (clay tornado),28.0,XS,skirt,,aguaByAguaBendita,2024-Dec-29-22:43:16
reformation boyfriend long sleeve tee (clay tornado),28.0,XS,skirt,,reformation,2024-Dec-29-22:43:21
reformation bronze gold 100% silk twist front ember skirt,27.0,2,skirt,,reformation,2024-Dec-29-22:43:19
reformation calamansi linen top (white),32.0,XL,skirt,,aguaByAguaBendita,2024-Dec-29-22:43:16
reformation calamansi linen top (white),32.0,XL,skirt,,reformation,2024-Dec-29-22:43:21
reformation cameron silk dress (emerald),115.0,6,skirt,,reformation,2024-Dec-29-22:43:17
reformation carmelo linen wrap mini dress,85.0,M,skirt,,reformation,2024-Dec-29-22:43:17
reformation cello long sleeve midi dress 1x green floral 100%viscose bohemian,115.0,1X,skirt,,reformation,2024-Dec-29-22:43:17
reformation cherry piazza twist wrap ribbed stretch knit slit midi dress‚Ä¶,150.0,S,skirt,,reformation,2024-Dec-29-22:43:17
"reformation chloe stripe cop top,  black and white, size medium",38.0,M,skirt,,aguaByAguaBendita,2024-Dec-29-22:43:16
"reformation chloe stripe cop top,  black and white, size medium",38.0,M,skirt,,reformation,2024-Dec-29-22:43:21
reformation citta bodysuit (black),38.0,M,skirt,,aguaByAguaBendita,2024-Dec-29-22:43:16
reformation citta bodysuit (black),38.0,M,skirt,,reformation,2024-Dec-29-22:43:21
reformation classic crewneck lightweight sweatshirt gray small,36.0,S,skirt,,aguaByAguaBendita,2024-Dec-29-22:43:16
reformation classic crewneck lightweight sweatshirt gray small,36.0,S,skirt,,reformation,2024-Dec-29-22:43:21
reformation daisy chain floral midi side split skirt black - size 2,50.0,2,skirt,,reformation,2024-Dec-29-22:43:19
reformation delia ribbed scoop neck top in yellow sunflower,36.0,S,skirt,,aguaByAguaBendita,2024-Dec-29-22:43:16
reformation delia ribbed scoop neck top in yellow sunflower,36.0,S,skirt,,reformation,2024-Dec-29-22:43:21
reformation doutzen floral mini dress,165.0,10,skirt,,reformation,2024-Dec-29-22:43:17
reformation dress,75.0,2,skirt,,reformation,2024-Dec-29-22:43:17
reformation dress,110.0,4,skirt,,reformation,2024-Dec-29-22:43:17
reformation ellora top tie strap navy floral,38.0,8,skirt,,aguaByAguaBendita,2024-Dec-29-22:43:16
reformation ellora top tie strap navy floral,38.0,8,skirt,,reformation,2024-Dec-29-22:43:21
reformation emerick dress in fauna,100.0,S,skirt,,reformation,2024-Dec-29-22:43:17
reformation floral crop top size small,65.0,S,skirt,,aguaByAguaBendita,2024-Dec-29-22:43:16
reformation floral crop top size small,65.0,S,skirt,,reformation,2024-Dec-29-22:43:21
reformation floral daisy print button up skirt with slit 90s,67.0,4,skirt,,reformation,2024-Dec-29-22:43:19
reformation floral midi dress size medium boho date,35.0,M,skirt,,reformation,2024-Dec-29-22:43:17
reformation floral wrap maxi dress medium,70.0,M,skirt,,reformation,2024-Dec-29-22:43:17
reformation flounce skirt in grenadine,75.0,0,skirt,,reformation,2024-Dec-29-22:43:19
reformation gavin midi dress - olympia,165.0,8,skirt,,reformation,2024-Dec-29-22:43:17
reformation gellar top,28.0,XS,skirt,,aguaByAguaBendita,2024-Dec-29-22:43:16
reformation gellar top,28.0,XS,skirt,,reformation,2024-Dec-29-22:43:21
reformation gellar top (cider),38.0,L,skirt,,aguaByAguaBendita,2024-Dec-29-22:43:16
reformation gellar top (cider),38.0,L,skirt,,reformation,2024-Dec-29-22:43:21
reformation gellar top size 1x ribbed long flare sleeve button parisian blue nwt,38.0,1X,skirt,,aguaByAguaBendita,2024-Dec-29-22:43:16
reformation gellar top size 1x ribbed long flare sleeve button parisian blue nwt,38.0,1X,skirt,,reformation,2024-Dec-29-22:43:21
reformation georgia knit top salsa nwt,85.0,M,skirt,,aguaByAguaBendita,2024-Dec-29-22:43:16
reformation georgia knit top salsa nwt,85.0,M,skirt,,reformation,2024-Dec-29-22:43:21
reformation gold velvet puff sleeve wrap maxi miller dress * medium,72.0,M,skirt,,reformation,2024-Dec-29-22:43:17
reformation granada dress (virgil),46.0,2,skirt,,reformation,2024-Dec-29-22:43:17
"reformation green floral blouse ‚Äì sustainable fashion size l, euc",35.0,L,skirt,,aguaByAguaBendita,2024-Dec-29-22:43:16
"reformation green floral blouse ‚Äì sustainable fashion size l, euc",35.0,L,skirt,,reformation,2024-Dec-29-22:43:21
reformation harri velvet mini skirt in black,50.0,6,skirt,,reformation,2024-Dec-29-22:43:19
reformation hester top eclipse dot black white tank size 6 nwt,34.0,6,skirt,,aguaByAguaBendita,2024-Dec-29-22:43:16
reformation hester top eclipse dot black white tank size 6 nwt,34.0,6,skirt,,reformation,2024-Dec-29-22:43:21
reformation houndstooth mini skirt in size 2,30.0,2,skirt,,reformation,2024-Dec-29-22:43:19
reformation inka dress (leila),248.0,XS,skirt,,reformation,2024-Dec-29-22:43:17
reformation jaime skirt in solstice size 0,70.0,0,skirt,,reformation,2024-Dec-29-22:43:19
reformation jasper sunflower sexy midi dress,140.0,10,skirt,,reformation,2024-Dec-29-22:43:17
reformation jeans linah mini fit and flare dress black puff shoulders m,115.0,M,skirt,,reformation,2024-Dec-29-22:43:17
reformation jonah dress (haze),89.0,L,skirt,,reformation,2024-Dec-29-22:43:17
reformation jordy lemonade dress,68.0,10,skirt,,reformation,2024-Dec-29-22:43:17
reformation julia rib-knit tank in cream,28.0,XS,skirt,,aguaByAguaBendita,2024-Dec-29-22:43:16
reformation julia rib-knit tank in cream,28.0,XS,skirt,,reformation,2024-Dec-29-22:43:21
reformation julianna mini skirt in spearmint green ribbed knit size xl new,15.0,XL,skirt,,reformation,2024-Dec-29-22:43:19
reformation kacey dress,67.0,8,skirt,,reformation,2024-Dec-29-22:43:17
reformation kendall 100% silk top ivory size xs luxury ruched long sleeve party,35.0,XS,skirt,,aguaByAguaBendita,2024-Dec-29-22:43:16
reformation kendall 100% silk top ivory size xs luxury ruched long sleeve party,35.0,XS,skirt,,reformation,2024-Dec-29-22:43:21
reformation kourtney top (rose),28.0,M,skirt,,aguaByAguaBendita,2024-Dec-29-22:43:16
reformation kourtney top (rose),28.0,M,skirt,,reformation,2024-Dec-29-22:43:21
reformation layla midi skirt - mahogany wine burgundy holiday,125.0,Various,skirt,,reformation,2024-Dec-29-22:43:19
reformation lemon rib long sleeve dress size small light gray,35.0,S,skirt,,reformation,2024-Dec-29-22:43:17
reformation linen oak skirt,20.0,0,skirt,,reformation,2024-Dec-29-22:43:19
reformation linen skirt,25.0,L,skirt,,reformation,2024-Dec-29-22:43:19
reformation linen wrap dress,85.0,S,skirt,,reformation,2024-Dec-29-22:43:17
reformation lysander midi dress midnight blue size 2,75.0,2,skirt,,reformation,2024-Dec-29-22:43:17
"reformation mandy ingrid pattern crepe floral
maxi skirt size small us4",50.0,4,skirt,,reformation,2024-Dec-29-22:43:19
reformation margot black skirt,65.0,10,skirt,,reformation,2024-Dec-29-22:43:19
reformation martin green floral midi dress m,50.0,M,skirt,,reformation,2024-Dec-29-22:43:17
reformation maxi dress sheer long sleeves evening front slit green size 4,45.0,4,skirt,,reformation,2024-Dec-29-22:43:17
reformation minetta red velvet ruffle hem tie strap mini dress size 6 new nwt,75.0,6,skirt,,reformation,2024-Dec-29-22:43:17
reformation mini floral dress,85.0,S,skirt,,reformation,2024-Dec-29-22:43:17
reformation mini leopard skirt,44.0,4,skirt,,reformation,2024-Dec-29-22:43:19
reformation mini skirt. size 4. brand new. msrp $148.,65.0,4,skirt,,reformation,2024-Dec-29-22:43:19
"reformation nebraska dress, nwot ü¶ã",180.0,2,skirt,,reformation,2024-Dec-29-22:43:17
reformation novena white ruffle tie strap tank top,30.0,2,skirt,,aguaByAguaBendita,2024-Dec-29-22:43:16
reformation novena white ruffle tie strap tank top,30.0,2,skirt,,reformation,2024-Dec-29-22:43:21
reformation nwt 2 evelina skirt ivory tiered,140.0,2,skirt,,reformation,2024-Dec-29-22:43:19
reformation nwt flounce mini skirt size 6 black,40.0,6,skirt,,reformation,2024-Dec-29-22:43:19
reformation open back tank small,29.0,S,skirt,,aguaByAguaBendita,2024-Dec-29-22:43:16
reformation open back tank small,29.0,S,skirt,,reformation,2024-Dec-29-22:43:21
reformation oxford dress (ivory),89.0,6,skirt,,reformation,2024-Dec-29-22:43:17
reformation perfect vintage tee (tornado),18.0,XS,skirt,,aguaByAguaBendita,2024-Dec-29-22:43:16
reformation perfect vintage tee (tornado),18.0,XS,skirt,,reformation,2024-Dec-29-22:43:21
reformation pia velvet dress crystal embellished mini black 2 nwt,150.0,2,skirt,,reformation,2024-Dec-29-22:43:17
reformation pinto top white and blue,35.0,S,skirt,,aguaByAguaBendita,2024-Dec-29-22:43:16
reformation pinto top white and blue,35.0,S,skirt,,reformation,2024-Dec-29-22:43:21
reformation poire wrap top size m raquel blue floral print euc,50.0,M,skirt,,aguaByAguaBendita,2024-Dec-29-22:43:16
reformation poire wrap top size m raquel blue floral print euc,50.0,M,skirt,,reformation,2024-Dec-29-22:43:21
reformation rare carmelo linen wrap mini dress,195.0,S,skirt,,reformation,2024-Dec-29-22:43:17
reformation ravel top (clay),20.0,M,skirt,,aguaByAguaBendita,2024-Dec-29-22:43:16
reformation ravel top (clay),20.0,M,skirt,,reformation,2024-Dec-29-22:43:21
reformation red white smocked chantilly floral strapless dress,15.0,XL,skirt,,reformation,2024-Dec-29-22:43:17
reformation reeds dress sz 6 midi floral retro classic chic black & white maria,70.0,6,skirt,,reformation,2024-Dec-29-22:43:17
reformation reign top ink blot,98.0,8,skirt,,aguaByAguaBendita,2024-Dec-29-22:43:16
reformation reign top ink blot,98.0,8,skirt,,reformation,2024-Dec-29-22:43:21
reformation robbie black silk side slit mini skirt size 2,49.0,2,skirt,,reformation,2024-Dec-29-22:43:19
reformation robbie skirt (army),38.0,8,skirt,,reformation,2024-Dec-29-22:43:19
reformation rylan knit two piece set,112.0,XS,skirt,,reformation,2024-Dec-29-22:43:19
reformation short skirt leopard print flowy flirty date night casual size 10,20.0,10,skirt,,reformation,2024-Dec-29-22:43:19
reformation skirt,30.0,2,skirt,,reformation,2024-Dec-29-22:43:19
reformation skirt,65.0,0,skirt,,reformation,2024-Dec-29-22:43:19
reformation skirt dakota charcoal nwt size 2,52.0,2,skirt,,reformation,2024-Dec-29-22:43:19
reformation starry top (pink sparkle),25.0,S,skirt,,aguaByAguaBendita,2024-Dec-29-22:43:16
reformation starry top (pink sparkle),25.0,S,skirt,,reformation,2024-Dec-29-22:43:21
reformation strada dress (black),52.0,S,skirt,,reformation,2024-Dec-29-22:43:17
"reformation strap ruffle hem mini dress, size m",25.0,M,skirt,,reformation,2024-Dec-29-22:43:17
reformation sweet dress,38.0,S,skirt,,reformation,2024-Dec-29-22:43:17
reformation tavia eyelet trim organic cotton miniskirt,100.0,4,skirt,,reformation,2024-Dec-29-22:43:19
reformation teddy silk top (cat),28.0,2,skirt,,aguaByAguaBendita,2024-Dec-29-22:43:16
reformation teddy silk top (cat),28.0,2,skirt,,reformation,2024-Dec-29-22:43:21
reformation top,34.0,XS,skirt,,aguaByAguaBendita,2024-Dec-29-22:43:16
reformation top,34.0,XS,skirt,,reformation,2024-Dec-29-22:43:21
reformation valetta white coquette mini skirt size small 4,50.0,4,skirt,,reformation,2024-Dec-29-22:43:19
reformation veranda skirt,60.0,0,skirt,,reformation,2024-Dec-29-22:43:19
reformation vineyard top in white,44.0,M,skirt,,aguaByAguaBendita,2024-Dec-29-22:43:16
reformation vineyard top in white,44.0,M,skirt,,reformation,2024-Dec-29-22:43:21
reformation vittoria dress nwot,35.0,L,skirt,,reformation,2024-Dec-29-22:43:17
reformation white linen midi skirt julep ruffle,55.0,4,skirt,,reformation,2024-Dec-29-22:43:19
"reformation women hearth long sleeve top peat green size 12 polkadot, smocking.",50.0,12,skirt,,aguaByAguaBendita,2024-Dec-29-22:43:16
"reformation women hearth long sleeve top peat green size 12 polkadot, smocking.",50.0,12,skirt,,reformation,2024-Dec-29-22:43:21
reformation women polyester mini skirt slim fit a-line skirt,30.0,2,skirt,,reformation,2024-Dec-29-22:43:19
"reformation women will oversize shirt long sleeve, button down, m, black, nwt",48.0,M,skirt,,aguaByAguaBendita,2024-Dec-29-22:43:16
"reformation women will oversize shirt long sleeve, button down, m, black, nwt",48.0,M,skirt,,reformation,2024-Dec-29-22:43:21
"reformation women's open back linen midi dress - navy, 0",50.0,0,skirt,,reformation,2024-Dec-29-22:43:17
"reformation women‚Äôs delanie vest top - tan houndstooth, size 4",70.0,4,skirt,,aguaByAguaBendita,2024-Dec-29-22:43:16
"reformation women‚Äôs delanie vest top - tan houndstooth, size 4",70.0,4,skirt,,reformation,2024-Dec-29-22:43:21
reformation wrap dress üëó navy blue - l,28.0,L,skirt,,reformation,2024-Dec-29-22:43:17
reformation zoe midi skirt floral print woven high slit golden black size 6,60.0,6,skirt,,reformation,2024-Dec-29-22:43:19
reformation zoe skirt eliza black and white small floral prints high slit size 2,42.0,2,skirt,,reformation,2024-Dec-29-22:43:19
reformation zoe skirt in balia,135.0,2,skirt,,reformation,2024-Dec-29-22:43:19
reformation | stripe cropped chloe top size medium,49.0,S,skirt,,aguaByAguaBendita,2024-Dec-29-22:43:16
reformation | stripe cropped chloe top size medium,49.0,S,skirt,,reformation,2024-Dec-29-22:43:21
reformation | women‚Äôs cashmere blend faux wrap long sleeve top size small,36.0,S,skirt,,aguaByAguaBendita,2024-Dec-29-22:43:16
reformation | women‚Äôs cashmere blend faux wrap long sleeve top size small,36.0,S,skirt,,reformation,2024-Dec-29-22:43:21
sebastiane skirt,200.0,M,skirt,sebastiane,doen,2024-Dec-29-22:43:07
sebastiane skirt in salt,149.0,S,skirt,sebastiane,doen,2024-Dec-29-22:43:07
silk zimmerman dress,225.0,S,skirt,,zimmerman,2024-Dec-29-22:43:22
skirt and top set,90.0,S,skirt,,aguaByAguaBendita,2024-Dec-29-22:43:14
the jane blouse,80.0,S,top,jane ,doen,2024-Dec-29-22:43:05
the paz top,70.0,S,skirt,,hill_house,2024-Dec-29-22:43:11
the paz top,70.0,XS,skirt,,hill_house,2024-Dec-29-22:43:11
the roxie nap dress hill house size l terry cloth,20.0,L,skirt,,hill_house,2024-Dec-29-22:43:08
two piece nwot,210.0,2,skirt,,reformation,2024-Dec-29-22:43:19
zimmerman,350.0,6,skirt,,zimmerman,2024-Dec-29-22:43:22
zimmerman - botanica wattle blouse,440.0,6,skirt,,zimmerman,2024-Dec-29-22:43:24
zimmerman bellitude cotton gauze dress,300.0,S,skirt,,zimmerman,2024-Dec-29-22:43:22
zimmerman botanica high- neck cropped bow-tie blouse,950.0,Size 4 or US 12,skirt,,zimmerman,2024-Dec-29-22:43:24
zimmerman dress,50.0,2,skirt,,zimmerman,2024-Dec-29-22:43:22
zimmerman dress,65.0,0,skirt,,zimmerman,2024-Dec-29-22:43:22
zimmerman dress,300.0,2,skirt,,zimmerman,2024-Dec-29-22:43:22
zimmerman dress cream linen with blue stitching/design euro size 2,100.0,Euro size 2 Zimmerman Couture,skirt,,zimmerman,2024-Dec-29-22:43:22
zimmerman floral halter top,12.0,0,skirt,,zimmerman,2024-Dec-29-22:43:24
zimmerman floral maxi dress,230.0,8,skirt,,zimmerman,2024-Dec-29-22:43:22
zimmerman flutter mini dress size 1,99.0,S,skirt,,zimmerman,2024-Dec-29-22:43:22
zimmerman georgette dress,195.0,6,skirt,,zimmerman,2024-Dec-29-22:43:22
zimmerman hawaii dress nwt,55.0,2,skirt,,zimmerman,2024-Dec-29-22:43:22
zimmerman light peach silk one shoulder dress sz 1,40.0,2,skirt,,zimmerman,2024-Dec-29-22:43:22
zimmerman linen and silk blend dress,70.0,XS,skirt,,zimmerman,2024-Dec-29-22:43:22
zimmerman linen polka dot midi dress.nwt,200.0,8,skirt,,zimmerman,2024-Dec-29-22:43:22
zimmerman lyre purple palm billow sleeve mini dress size m 6-8,615.0,M,skirt,,zimmerman,2024-Dec-29-22:43:22
zimmerman off shoulder white 3/4 sleeves multi frills tier summer dress size:1,89.0,1 (4-6),skirt,,zimmerman,2024-Dec-29-22:43:22
zimmerman polkadot dress,22.0,8,skirt,,zimmerman,2024-Dec-29-22:43:22
zimmerman purple maxi dress,450.0,3 Zimmerman,skirt,,zimmerman,2024-Dec-29-22:43:22
zimmerman ready to wear wonderland floral bias dress,700.0,6,skirt,,zimmerman,2024-Dec-29-22:43:22
zimmerman shirt,15.0,S,skirt,,zimmerman,2024-Dec-29-22:43:24
zimmerman silk dress with ruffles,220.0,0,skirt,,zimmerman,2024-Dec-29-22:43:22
zimmerman silk lattice vneck dress,80.0,4,skirt,,zimmerman,2024-Dec-29-22:43:22
zimmerman silk organza paisley print top sz3,50.0,Size 3 ZImmerman,skirt,,zimmerman,2024-Dec-29-22:43:24
zimmerman tan mesh dress,10.0,2,skirt,,zimmerman,2024-Dec-29-22:43:22
zimmerman white dress,215.0,6,skirt,,zimmerman,2024-Dec-29-22:43:22
zimmermann amelie gathered leopard-print silk crepe de chine maxi,500.0,6,skirt,,zimmerman,2024-Dec-29-22:43:22
zimmermann blush silk long sleeve ruffle shawl asy,135.0,S,skirt,,zimmerman,2024-Dec-29-22:43:22
zimmermann corsage plisse mini dress purple floral,170.0,2,skirt,,zimmerman,2024-Dec-29-22:43:22
zimmermann corsage plisse mini dress purple floral,175.0,2,skirt,,zimmerman,2024-Dec-29-22:43:22
zimmermann floral dress,175.0,8,skirt,,zimmerman,2024-Dec-29-22:43:22
zimmermann long‚Åüfloral vacay billow maxi dress us 6,322.0,6,skirt,,zimmerman,2024-Dec-29-22:43:22
zimmermann melody off shoulder mini dress yellow floral (0) us size 4 flirty,138.0,4,skirt,,zimmerman,2024-Dec-29-22:43:22
zimmermann mini dress floral,200.0,4,skirt,,zimmerman,2024-Dec-29-22:43:22
zimmermann strapless cutout cotton-blend terry midi dress,200.0,6,skirt,,zimmerman,2024-Dec-29-22:43:22
zimmermann¬†dancer empire‚Åüwaist dress,695.0,4,skirt,,zimmerman,2024-Dec-29-22:43:22
‚öúÔ∏èsale! ‚öúÔ∏è shift dress by zimmerman,30.0,S,skirt,,zimmerman,2024-Dec-29-22:43:22
‚ö°Ô∏ècco sale‚ö°Ô∏è doen malta floral belted corduroy puff sleeve dress,75.0,M,dress,,doen,2024-Dec-29-22:43:03
‚ú® reformation jagger square neck minidress in black ‚ú®,38.0,M,skirt,,reformation,2024-Dec-29-22:43:17
üåπreformation top,35.0,2,skirt,,aguaByAguaBendita,2024-Dec-29-22:43:16
üåπreformation top,35.0,2,skirt,,reformation,2024-Dec-29-22:43:21
üêö nwt ‚Ä¢ hill house paz skirt in blue shell mosaic ‚Ä¢ xs,15.0,XS,skirt,,hill_house,2024-Dec-29-22:43:09
üíé reformation hollyhock dress - ivory,200.0,Various,skirt,,reformation,2024-Dec-29-22:43:19
üí¢quick flashüí¢zimmerman dress,35.0,2,skirt,,zimmerman,2024-Dec-29-22:43:22
üí• blow out sale üí•  nwt alexia admor maeve mini skirt black & pink tweed,29.0,M,skirt,,reformation,2024-Dec-29-22:43:19
