title,price,size,category,style,ingest_timestamp
★cco sale★ doen malta floral belted corduroy puff sleeve dress,75.0,M,dress,,2024-Dec-28-23:19:21
doen victorie maxi dress in mirbeau garden floral print,200.0,M,dress,,2024-Dec-28-23:19:21
doen celestine red velvet heirloom dress nwt new,489.0,S,dress,celestine ,2024-Dec-28-23:19:21
doen preston liberty floral midi maxi tie waste dress,200.0,M,dress,,2024-Dec-28-23:19:21
doen emmaretta floral midi maxi dress,195.0,M,dress,emmaretta ,2024-Dec-28-23:19:21
doen chestnut floral dress,248.0,M,dress,,2024-Dec-28-23:19:21
new doen piper dress w optional sash belt,124.0,S,dress,piper ,2024-Dec-28-23:19:21
doen hollycock floral dress,218.0,M,dress,,2024-Dec-28-23:19:21
"brown floral do锚n marfa dress, size small",75.0,S,dress,,2024-Dec-28-23:19:21
doen blair dress,175.0,S,dress,,2024-Dec-28-23:19:21
doen poet ruffled midi dress - black - xs,160.0,XS,dress,,2024-Dec-28-23:19:21
doen carina eyelet mini dress black - size xl,150.0,XL,dress,,2024-Dec-28-23:19:21
doen long puff sleeve maxi dress green floral - medium,200.0,M,dress,,2024-Dec-28-23:19:21
doen shoulder tie floral maxi dress - size xs,100.0,XS,dress,,2024-Dec-28-23:19:21
doen white lace sheer dress size xl,135.0,XL,dress,,2024-Dec-28-23:19:21
doen primrose dress pollen size small,250.0,S,dress,,2024-Dec-28-23:19:21
doen primrose dress pollen size small,160.0,S,dress,,2024-Dec-28-23:19:21
doen lorena dress monte isola stripe,130.0,M,dress,,2024-Dec-28-23:19:21
doen floral brown dress,126.0,S,dress,,2024-Dec-28-23:19:21
copy - doen emmaretta floral cotton midi-dress,115.0,XS,dress,emmaretta ,2024-Dec-28-23:19:21
doen floral maxi nwt,90.0,S,dress,,2024-Dec-28-23:19:21
nwt d么en floral print short puff sleeve button-up midi dress white size medium $,200.0,M,dress,,2024-Dec-28-23:19:21
innika choo eyelet tie strap maxi dress blue small,70.0,S,dress,,2024-Dec-28-23:19:21
doen violetta dress cream ladybird floral size xs,160.0,XS,dress,violetta ,2024-Dec-28-23:19:21
doen anastasia dress,380.0,XS,dress,anastasia ,2024-Dec-28-23:19:21
doen keira maxi dress (never worn!),120.0,M,dress,,2024-Dec-28-23:19:21
doen emmaretta floral cotton midi-dress,90.0,XS,dress,emmaretta ,2024-Dec-28-23:19:21
new d么en marlanna ruffled tiered silk maxi dress in villa floral print,250.0,S,dress,,2024-Dec-28-23:19:21
doen floral maxi dress,150.0,S,dress,,2024-Dec-28-23:19:21
doen adele dress,100.0,4,dress,adele ,2024-Dec-28-23:19:21
"doen narcisse dress in camille dot, brand new without tags, never worn, no flaws",300.0,Various,dress,camille ,2024-Dec-28-23:19:21
"doen lorraine dress in emerald, brand new without tags, never worn, no flaws.",250.0,S,dress,lorraine ,2024-Dec-28-23:19:21
"doen lorraine dress in emerald, brand new without tags, never worn, no flaws.",250.0,S,dress,lorraine ,2024-Dec-28-23:19:21
"doen lorraine dress in emerald, brand new without tags, never worn, no flaws.",250.0,S,dress,lorraine ,2024-Dec-28-23:19:21
"doen merla dress in arbor floral, size s, brand new, never worn, no flaws.",220.0,S,dress,merla ,2024-Dec-28-23:19:21
doen charleston dress in neutre jardin de papillons xxs,90.0,XXS,dress,,2024-Dec-28-23:19:21
d么en like new rare monceau dress in blue liberty floral ditsy print m,150.0,M,dress,,2024-Dec-28-23:19:21
"doen market wrap 100% silk dress, s, great condition",75.0,S,dress,,2024-Dec-28-23:19:21
doen noisette dress,76.0,S,dress,noisette ,2024-Dec-28-23:19:21
"doen gwendolyn silk lily of the valley maxi dress, size large, color emerald ivy",300.0,L,dress,gwendolyn ,2024-Dec-28-23:19:21
doen blue stripped button dress/cover up,145.0,M,dress,,2024-Dec-28-23:19:21
d么en joan dress in foxtail golden yellow tan orange size xs brand new nwt,179.0,XS,dress,,2024-Dec-28-23:19:21
d么en franique dress in azure paris gingham navy blue white size xs brand new nwt,170.0,XS,dress,franique ,2024-Dec-28-23:19:21
ischia dress in painted bouquet,280.0,M,dress,ischia ,2024-Dec-28-23:19:21
doen mountain dress cream california wildflower blue size medium nwt,250.0,M,dress,,2024-Dec-28-23:19:21
doen sera dress,140.0,L,dress,sera ,2024-Dec-28-23:19:21
 euc! d么en lovisa  nightgown- sweet daisy print - size xs,172.0,XS,dress,lovisa ,2024-Dec-28-23:19:21
doen caico canyon burnt bloom long sleeve deep v maxi dress,200.0,L,dress,,2024-Dec-28-23:19:21
